1754;539;2599156.1,1220440.7,2599182.2,1220448.8
1266;860;2611824.9,1255165,2622489.6,1262409.6
542;438;2640938.3,1250094.6,2640946.8,1250101.5
650;323;2615091.4,1231002.8,2619978,1233431.1
1069;963;2606172.2,1232381.5,2606187.2,1232395
1849;810;2592961,1255372.4,2623289.8,1268658.7
1841;679;2600266.1,1232289.2,2604259.8,1233762.2
511;743;2615294.2,1227165.3,2615891.4,1228033.6
1718;817;2617871.7,1243113.5,2639588.4,1253441
1801;915;2595065.6,1217635.4,2595405.3,1217808
911;480;2597220.5,1228662.6,2598953,1229575.5
858;1036;2608388.2,1244055.8,2613560.5,1250301.2
1031;701;2641190.2,1251098.1,2642632,1252078.4
1359;421;2637680.1,1243564.9,2637703.5,1243572.1
1816;868;2596706.2,1245502.7,2601356.1,1247725.3
1194;672;2617463.8,1254253.4,2619493.2,1255395.6
839;781;2601859.1,1230597.8,2601872,1230609.8
907;491;2611056.8,1224433.7,2611109.4,1224462.2
1058;908;2602621.2,1226145.5,2609084.9,1231692.8
1260;761;2611159.8,1248466.9,2611181.8,1248480.2
1744;860;2598460.9,1231581.7,2598842.5,1231769.9
548;932;2598944,1221439.6,2600525.4,1224129
1379;778;2599045.4,1253478.7,2601956.4,1255121
1520;780;2592932.7,1250210.5,2621209,1264720.7
1441;345;2635912.8,1251204,2638730,1251878.5
1001;911;2616848.4,1220522.2,2626783.1,1229563.7
1140;849;2615310.6,1240609.1,2615703.4,1240901.7
524;488;2597839.7,1229777.5,2597858.3,1229794.7
1738;844;2602462.1,1227556.7,2622666.7,1237368.4
1774;1008;2603320.6,1236607.9,2610796.2,1240855.6
841;1038;2636969.2,1245543.7,2644258.2,1254540.2
1276;917;2612539.4,1244798.8,2612561.7,1244814.9
1341;818;2626744.2,1240906.1,2633981.2,1245320.6
1379;743;2610043.1,1236884.1,2611781.6,1237820.8
511;380;2626998.8,1240344.3,2627027.9,1240365.9
1688;469;2616955.8,1254524.4,2617026.3,1254544
1053;680;2618880.8,1236210.8,2628722,1242565.9
894;1057;2641839.4,1250807.8,2646407.9,1256209.2
1131;519;2614637.8,1223980.5,2617410.1,1225252.6
817;996;2622172.5,1233349.6,2623535.6,1235011.4
701;393;2606235.4,1228900.7,2607233.1,1229460
1903;537;2623424.8,1238296,2625496,1238880.4
537;722;2616893.6,1242496.8,2616940.1,1242559.4
997;889;2613094.5,1250871.7,2614022.5,1251699.1
1722;315;2610787.8,1235354.6,2610814.7,1235359.5
1114;512;2619188.8,1243956.3,2625161.9,1246701.6
592;1025;2621023.5,1237847,2621051.3,1237895
564;400;2608689.8,1260044.6,2617065.9,1265985.1
700;611;2603675.1,1219053.1,2603689,1219065.3
1479;524;2597857.5,1220823.4,2599520.7,1221412.7
1743;696;2591231.5,1246309,2604650.1,1251667.2
1410;1026;2602486.1,1246226.6,2603312.2,1246827.7
1328;655;2615651.7,1223093.2,2622057.6,1226252.8
687;767;2628528.3,1237995.1,2628775.3,1238270.8
1029;649;2599257.4,1226145.9,2600256.7,1226776.2
1403;592;2619900.9,1241973.3,2646533.7,1253211.1
1262;784;2606551.5,1227420.6,2607244.3,1227851
1582;699;2640653.4,1243176.1,2641976.1,1243760.6
985;552;2612170.7,1242000.5,2614719.3,1243428.8
664;894;2628147,1242732.2,2628255.3,1242878
1036;592;2603916.9,1222517.1,2604135.5,1222642
1841;329;2600532.6,1249089.3,2600566.7,1249095.4
1275;302;2603661.3,1257513.3,2611012.5,1259254.6
1408;1075;2608078.2,1256165.9,2613415.3,1260240.7
1079;326;2605499.1,1257477.5,2607938.2,1258214.5
1805;483;2594972.1,1235995.6,2622239.8,1243292.2
1220;624;2598006.8,1251776.4,2598068.6,1251808
1426;1075;2631808.5,1240302.3,2634110.5,1242037.7
941;500;2619841.5,1241600.6,2619980.1,1241674.2
1664;1046;2622467.3,1234078.1,2630500.3,1239127.6
657;711;2612895.5,1239074.5,2613815.3,1240070
1096;400;2612238.7,1251201.2,2612503.7,1251297.9
696;637;2606340.9,1259911.6,2609300.3,1262620.1
1907;533;2627961.2,1243819.7,2629782.8,1244328.8
1076;423;2605617.4,1257773.7,2618704.6,1262918.6
1687;981;2593016.4,1232253.7,2619728.1,1247786.7
1441;903;2611783,1241217.8,2612765.4,1241833.5
1276;560;2610725.3,1249931.4,2610759.7,1249946.5
1358;457;2598962.5,1259553.7,2599024.3,1259574.5
1002;567;2623060.7,1240040.8,2623417.4,1240242.6
591;764;2640192.3,1247574,2642192.3,1250159.4
1879;476;2598860,1235036.2,2617487.3,1239755
1606;307;2616066.3,1240601.9,2640853.9,1245340.2
770;567;2594565.1,1228776.8,2594635.1,1228828.3
703;608;2638690.6,1244166.7,2638699.2,1244174.1
914;979;2638476,1248033.1,2638486.4,1248044.2
1733;991;2612845.4,1239685.8,2612984.2,1239765.1
901;908;2624103.6,1236334.3,2624244,1236475.7
992;372;2593942.4,1256585.8,2602544.3,1259811.5
1916;842;2619262.3,1239031.9,2619344.6,1239068
1313;391;2613893.1,1246704,2624183.3,1249768.3
1166;489;2616819,1244538.1,2617159.3,1244680.8
708;527;2618524.5,1256795.3,2618633.7,1256876.6
504;691;2643297.6,1248010.3,2644976.9,1250312.7
1643;372;2607118.8,1225505.9,2607136.1,1225509.8
647;790;2598083.6,1233349,2599464.4,1235035
965;499;2597534.5,1252229,2609409.9,1258369.8
662;448;2600685.3,1211326,2613914.4,1220278.6
1604;398;2611605.3,1256442.4,2625868.4,1259981.5
679;345;2607717.6,1228435.9,2607732.3,1228443.4
1218;389;2617772.6,1239454.7,2618056,1239545.2
1327;669;2607471.4,1240732.7,2616388.7,1245228.3
1563;689;2607301.8,1246383.4,2607491.8,1246467.2
1440;1035;2597736.7,1234111.2,2605233.7,1239499.7
1218;522;2592925.5,1223836.3,2596294.8,1225280.3
1762;638;2609588.6,1216477.3,2625097.9,1222093
1614;910;2598716.1,1254374.9,2601662.2,1256035.9
1668;498;2597038.8,1250918.1,2608393.2,1254308.1
755;998;2610820.1,1252719.4,2610901,1252826.4
753;1017;2612102.9,1240352.7,2616345,1246082
1588;782;2609746,1228112.3,2617507.6,1231934.5
582;789;2608094.7,1237190.3,2608194.5,1237325.5
1914;365;2596500,1260995.8,2621253.5,1265716.3
1303;671;2609131.8,1247835.6,2611610.8,1249112.2
1075;438;2607893,1245711.1,2608190,1245832.1
1841;955;2604712.5,1220311.7,2604758.9,1220335.8
1113;536;2615706.8,1219154.7,2626612.9,1224406.9
1164;895;2626329.3,1235616.5,2626363,1235642.4
1469;692;2620865.7,1237179.8,2621307.8,1237388.1
1847;998;2599894.2,1230855.6,2600180.8,1231010.5
1847;1076;2619230.5,1220942.4,2628552.4,1226373.1
1280;618;2632538,1241154.7,2632568.9,1241169.7
1750;999;2605637.2,1230627.4,2605667.8,1230644.9
1219;925;2603410.5,1230009.4,2604240,1230638.8
1908;916;2630094.8,1239896.2,2632954.6,1241269.1
750;347;2594788.5,1217986.7,2601970.9,1221309.8
1426;440;2598948.5,1259183.8,2599094,1259228.7
814;892;2641916.1,1250087.4,2642026.5,1250208.4
822;1006;2599779,1259603.8,2602489.2,1262920.7
800;816;2629143.6,1238175.7,2629501.9,1238541.1
544;338;2595160.6,1228050,2595171.5,1228056.8
878;804;2609837.3,1244283.1,2619845.2,1253447.6
1098;375;2629981.5,1244185.2,2630063.8,1244213.3
1070;459;2602777.9,1232562.5,2603673.6,1232946.8
882;696;2600137.5,1226513.6,2600497.7,1226797.8
687;1032;2621900.8,1243204.2,2621923.9,1243238.9
1038;818;2597109.4,1212205,2608769.3,1221393.7
594;940;2627607.3,1239477.3,2628246.8,1240489.2
887;361;2597930.6,1232362.6,2607838.6,1236395.1
900;572;2627212,1253837,2640301.4,1262156
618;414;2632679.6,1244361.3,2632723.3,1244390.6
1765;806;2620786.4,1244272.5,2621006.5,1244373
847;398;2602085.8,1221065.7,2602338.9,1221184.6
579;501;2610201.6,1247197,2610373.3,1247345.6
1724;890;2616155.8,1223844,2617028.4,1224294.4
1393;414;2604000.6,1222875.2,2604036.8,1222886
591;326;2597901.5,1216929.9,2598033.6,1217002.8
1639;572;2599688.6,1247368,2600756.2,1247740.6
1222;324;2639810.8,1253216.4,2640097.6,1253292.5
1357;350;2633436.7,1242532.4,2633486.8,1242545.3
1192;421;2605471.4,1258214.2,2606625.6,1258621.8
698;835;2603277,1210936.3,2613125.1,1222717.3
1181;306;2632139.7,1242433.4,2633540.3,1242796.3
585;355;2609725.2,1253542.6,2613062.6,1255567.9
1520;320;2639687,1255343.1,2640764.3,1255569.8
1257;315;2631301.1,1237139.6,2634623,1237972.1
727;815;2627131.1,1239305.6,2627162.9,1239341.3
1696;362;2598773.5,1214210.3,2615768.6,1217837.8
854;899;2639976.6,1253710.3,2640095.4,1253835.3
1670;764;2600402,1224478.6,2624509.1,1235507.2
642;718;2604455.1,1220530,2610096.6,1226839.3
1757;492;2620076.4,1239398.2,2620147.4,1239418.1
1348;980;2608879.3,1248228.1,2608903.7,1248245.9
1025;857;2627738.5,1241609,2636548,1248974.6
1097;853;2640215.3,1243103.2,2640726.9,1243501
1688;466;2609785.8,1230044.9,2609829.8,1230057.1
733;509;2614241.8,1250946.9,2621945.3,1256296.3
1030;494;2605150.4,1248462.9,2605385,1248575.5
1781;483;2616807.2,1256669.7,2616883.9,1256690.5
1354;808;2638769,1244694.8,2638790.5,1244707.7
1277;472;2601453.5,1232442.1,2601602.7,1232497.2
1139;768;2606334.8,1233225.9,2607892.3,1234276
1625;878;2593141.5,1227076.4,2625190.6,1244392.8
535;854;2592416.9,1252101.1,2599763.2,1263827.7
1807;489;2610219.3,1247694.8,2610499,1247770.5
1732;956;2601399.3,1220683.9,2602289.4,1221175.2
1348;443;2618697.6,1239781.1,2618713.2,1239786.2
1654;527;2604488.3,1220371.1,2604646.7,1220421.6
1682;757;2627382,1236726.1,2628926.1,1237421
794;883;2614077.9,1246013.1,2614155.3,1246099.3
1554;541;2607021.5,1233946.9,2607038.9,1233953
1836;464;2628660,1242041.5,2628776.5,1242071
915;355;2637754.2,1246191.2,2648254.5,1250265.1
991;684;2624314.5,1226065.6,2639185.5,1236329.7
612;732;2625612.6,1239042.8,2625686.9,1239131.6
632;549;2608987.7,1232377.1,2608999.1,1232387
1611;567;2639508.6,1251874.8,2640494.2,1252221.7
1200;749;2635840.5,1246139.7,2636004.8,1246242.2
681;494;2634186.1,1245911.1,2634591.6,1246205.3
798;866;2590365.2,1250931,2602093.9,1263659.1
1729;617;2626607.1,1240336.2,2627490.6,1240651.5
903;538;2616434.8,1255275,2616509.6,1255319.6
1092;714;2618321.3,1223233.7,2618534,1223372.8
1048;621;2619780.8,1239683.1,2624273.9,1242345.6
1598;1043;2591374.1,1250818,2596698.7,1254293.3
923;472;2605391,1227180.4,2607289.4,1228151.2
824;741;2592888.4,1216293.5,2595706.9,1218828.2
919;923;2613030.3,1224144.2,2613131.7,1224246
885;519;2603405.5,1219157.9,2603414.6,1219163.3
621;1072;2590013.8,1250809.3,2596363.8,1261771.1
1680;629;2607851.1,1253773.9,2620467.7,1258497.6
1848;840;2615883,1236942.8,2616996.8,1237449.1
1291;1079;2607465.1,1226018,2607585.2,1226118.4
1439;488;2614036.2,1252665.6,2614226.1,1252730
1392;983;2611793.5,1253365.5,2613913,1254862.1
653;933;2631599.8,1243080.7,2631675.5,1243188.9
940;711;2606775.1,1233486.5,2608290.2,1234632.6
1341;800;2610919.3,1214117.6,2635064.7,1228522
1373;806;2600051.1,1233930.5,2600252.4,1234048.7
1806;608;2614577.6,1235358.6,2627642.4,1239756.9
1580;839;2608784.5,1252652,2611532.4,1254111.2
788;489;2635795.6,1244444.3,2636466.4,1244860.5
1041;996;2592828.9,1211148.9,2598852.5,1216912.1
501;647;2617753.3,1253561.3,2618594.7,1254648
1658;575;2610199.4,1246746.9,2610250.1,1246764.4
1887;768;2633215.1,1254650.5,2647001.2,1260261.4
1579;566;2603702.4,1226926.5,2604177.4,1227096.8
1539;531;2608333.8,1247450.7,2608546,1247523.9
901;989;2618287.5,1257266.4,2625326.5,1264992.9
1684;946;2602191.4,1246217.8,2608114.6,1249545.2
1444;565;2600210.5,1232140.1,2600296.6,1232173.8
747;326;2611334.2,1235196.6,2611386.6,1235219.4
1699;777;2596113.1,1217376.4,2597835.9,1218164.3
1376;816;2610321.4,1252624.5,2620235.9,1258504
1017;927;2607856.6,1229427.7,2624778.8,1244852.3
1678;554;2597221,1252019.5,2615367.3,1258010.6
568;827;2611642.6,1227748,2611649.5,1227758.1
1685;492;2612786.1,1244248.4,2613030.2,1244319.7
1851;473;2634502.9,1244154.2,2634794.9,1244228.8
1341;635;2636186,1247526.5,2636234.8,1247549.6
1885;538;2640028.6,1256755.2,2640053.7,1256762.4
601;1072;2634095.3,1248214.4,2634393.6,1248746.4
1605;890;2616036.3,1253628.3,2617075.9,1254204.8
991;671;2605429.4,1226700.7,2613717.4,1232312.5
1871;879;2604894,1227635.2,2604991.3,1227680.9
1322;488;2600079.9,1232791.5,2607129.5,1235393.8
1871;904;2597957,1254300.4,2608734.1,1259507.5
1436;745;2629933.2,1239643.5,2637215.8,1243421.7
1132;746;2595867.3,1224420.1,2609372.1,1233320
863;589;2627409,1245334.6,2627425.5,1245345.8
630;441;2620216.4,1241153.3,2620406.9,1241286.7
913;1067;2638243.1,1251012,2638263.7,1251036.1
831;790;2616447.7,1233023.6,2627593.3,1243619.3
1771;539;2643070.2,1248215.2,2643090,1248221.2
699;421;2633775.6,1244941.7,2634597.7,1245436.8
1000;656;2611406.5,1257430,2614459.6,1259432.9
1512;493;2605113.5,1251960,2615603.2,1255380.3
846;455;2601749.9,1228617.8,2601759.3,1228622.9
815;490;2637556.3,1246634.4,2647159.7,1252408.2
805;935;2612575.3,1227623.4,2612632.5,1227689.9
1798;950;2594106.7,1226907.8,2605872.3,1233124.4
1762;601;2614542.1,1243829.2,2617953.2,1244992.7
1418;527;2630708.2,1246375.1,2630892,1246443.4
1760;1052;2643059.2,1245770.2,2644562.9,1246669
1506;974;2624125,1242814.3,2626212.3,1244164.2
586;644;2606264.8,1237226.8,2614961.5,1246784.3
564;1032;2600581.2,1215274.2,2600587.3,1215285.3
1503;407;2602163.2,1234116.5,2606130.9,1235190.9
759;914;2605830.9,1259308.1,2605890.2,1259379.5
880;583;2596783.3,1228220.4,2596804.1,1228234.2
1528;511;2609447,1248671.5,2613490.5,1250023.7
871;554;2606766.5,1247287.4,2606819.3,1247321
1426;591;2611129.8,1221414.9,2612888.2,1222143.7
893;811;2622815.7,1242346.7,2623305.9,1242791.9
1013;563;2628360.3,1239365.3,2642940.9,1247468.8
512;1043;2616663.3,1225789.6,2616693.3,1225850.8
558;940;2602954.1,1222090.2,2603026,1222211.2
673;617;2634392.1,1240991,2635144.7,1241681.1
1643;856;2615383.6,1247308.6,2630202.5,1255029.2
962;986;2604887.3,1224681.7,2614149.5,1234175
1421;811;2600913.9,1233038.5,2601877,1233588.2
1450;421;2608908,1235313.8,2609370.7,1235448.1
1008;385;2606775.3,1247815.9,2625045.8,1254794.2
1036;602;2616188.7,1253107.9,2616297,1253170.8
533;526;2601974.8,1234693.5,2601992.1,1234710.7
1016;725;2598821.2,1221554.1,2600728.8,1222915.4
1152;733;2607702,1221636.9,2612904.9,1224947.4
1621;1027;2590655,1250868.1,2601135.8,1257508.3
1150;813;2614396.5,1256755.2,2614706.3,1256974.2
533;956;2598301.3,1227817.5,2598315.3,1227842.7
1172;772;2612637.1,1245656.9,2612853.4,1245799.3
1646;728;2600321.7,1220917.3,2600481.2,1220987.9
1764;933;2600422,1228403.5,2600490.6,1228439.7
882;983;2623236.7,1242062.5,2623369,1242210
1388;515;2605120.7,1222514.3,2605138.8,1222521
1873;465;2613995.8,1253435,2614167.7,1253477.7
1558;853;2614659,1234326,2639702.3,1248037.1
691;590;2621602.9,1234714.3,2624104,1236849.8
1631;745;2590869.6,1211195.4,2620894.4,1224910
930;955;2623738.6,1225385.2,2635728.7,1237697.6
624;899;2607999.7,1242425.1,2609035.8,1243917.8
1617;1041;2603530.1,1235330.4,2620391.2,1246185.3
859;838;2596762.8,1217342,2597932.7,1218483.3
898;300;2617063.1,1225614.1,2617530.7,1225770.3
1592;389;2603638.6,1257139.6,2603679.2,1257149.5
515;487;2617605.9,1242344.9,2622632.9,1247098.6
1024;449;2597897.2,1233042,2598770.4,1233424.9
1278;593;2631013.9,1243192.3,2633772,1244472.1
654;750;2624338.7,1240035,2624355.4,1240054.1
1615;495;2609079.4,1240709.5,2609107.6,1240718.2
1364;864;2604204.9,1246970.3,2611257.5,1251437.6
1016;630;2609506.7,1243291.4,2613942.5,1246042
1174;587;2603680,1236160.5,2603698.8,1236169.8
771;997;2613105.9,1221131.2,2614933.4,1223494.5
633;322;2627454.3,1238629.6,2627485.3,1238645.4
1371;963;2636875.6,1247182.9,2636890.1,1247193.1
1444;822;2602464.3,1248722,2602533.4,1248761.3
884;351;2601845,1221257.2,2601870.6,1221267.4
1555;941;2618343.1,1257880,2618466.9,1257954.9
1109;350;2597472.2,1224680.3,2597532.3,1224699.2
1247;530;2617912.9,1244094.9,2618668.7,1244416.1
1825;542;2624048.1,1230096.7,2641200.1,1235190.6
506;866;2628149.2,1219794.9,2637739.8,1236208.9
883;815;2610385.4,1243006.8,2610526.4,1243136.9
1301;949;2612100.7,1225197.8,2613039.5,1225882.6
1000;578;2596095.3,1221516.9,2614409.3,1232102.4
1514;494;2612954.6,1241139.8,2638334.5,1249421
1125;1045;2603434.1,1231905.2,2608558,1236664.7
1224;384;2627666.7,1239546.8,2627681.6,1239551.5
1652;503;2597453.2,1231193.5,2597693.8,1231266.8
1351;347;2594992.5,1235427.5,2610134.6,1239316.7
1149;797;2618614.4,1244659.6,2618842,1244817.4
1425;448;2615180.6,1246377.4,2615746.7,1246555.3
1797;348;2616422.5,1243611.1,2616475.6,1243621.4
1844;911;2621422.2,1235376,2622894.6,1236103.4
1886;618;2616481.5,1248251.2,2638072.8,1255326.2
1166;699;2604794.5,1223563.8,2604810.6,1223573.4
857;989;2605545,1232044.6,2614822.5,1242751.1
1772;1078;2638060,1254561.9,2640405.8,1255989
1129;961;2632501.2,1239749.6,2636277.5,1242963.9
1306;322;2613619.4,1226304,2613666.5,1226315.6
1411;316;2607226.3,1233824.9,2609017.4,1234226
1829;424;2624250.3,1236586.2,2630971.5,1238144.3
1099;975;2602501.8,1249015.2,2617629.4,1262436
711;705;2595081.8,1215438,2596664.1,1217007
1276;637;2604507.4,1221341.4,2619109.6,1228631.1
840;545;2616692.1,1257236.6,2616882.8,1257360.3
893;670;2598295.9,1221065.2,2600918.1,1223032.7
1884;816;2596656.4,1251352.1,2596766.6,1251399.8
854;866;2640109.4,1247577.8,2648953.9,1256546.6
1217;344;2611086.5,1234216.4,2615712.6,1235524
1067;674;2605241.1,1236600.3,2605254.9,1236609
1161;1018;2601109.3,1247761.1,2601130.3,1247779.5
1884;477;2603991.3,1224618.4,2604141.9,1224656.5
1508;868;2629125.2,1248109.8,2639612.9,1254146.4
801;577;2612901.6,1224205.3,2613787.8,1224843.7
1256;509;2626729.2,1233861.2,2630456.5,1235371.7
1090;746;2618283.7,1246547.1,2622407.5,1249369.5
961;553;2610366.6,1227598.4,2610641.6,1227756.7
942;1034;2601807.8,1236299,2619130.1,1255313
1657;443;2604641.6,1233615.5,2604731.4,1233639.5
1069;989;2616247.3,1257611.5,2616265,1257627.9
1164;512;2612667.1,1237392.6,2612717.6,1237414.8
1207;733;2615253,1245571.1,2615291.1,1245594.2
1084;1035;2604564.2,1223068.8,2624946.4,1242529.8
968;778;2640133.5,1237496.2,2645518.7,1241824.3
1850;722;2613051.5,1246290.2,2613224.5,1246357.7
739;699;2605770.4,1222320.2,2608738.2,1225127.4
642;923;2603269.5,1257309.1,2603297.3,1257349.1
1553;623;2599837.1,1227868.3,2602554.4,1228958.4
1830;894;2609404.4,1238150.4,2627713.4,1247094.7
1481;573;2601163,1257589.4,2601462,1257705
1098;1013;2611368.1,1251301,2611581.2,1251497.5
1759;1035;2633167.6,1244159.5,2633425.8,1244311.3
1530;723;2625469.2,1238520.6,2641461.2,1246077.6
697;1057;2615780.2,1239115.3,2625548.1,1253928.5
1476;1071;2599182.2,1244009.4,2612952.4,1254001.1
1249;702;2616234.3,1245940.3,2616557.8,1246122.1
1156;441;2605710.7,1226969.9,2605870.2,1227030.8
708;516;2604583.9,1258079.4,2605600,1258820
763;583;2611665.6,1252636.7,2622330.3,1260785.5
648;1068;2599059.6,1230455.9,2599153.7,1230610.9
1920;603;2639431.1,1245842,2639480.8,1245857.6
1803;684;2597193.1,1217167.2,2598988.5,1217848.3
692;687;2639468.5,1256632.2,2639506.7,1256670.1
1505;359;2641155.3,1246202.8,2646967.7,1247589.3
1008;1039;2615218.3,1253154.7,2618255.1,1256284.9
1288;663;2613929.2,1259209.3,2614318.8,1259409.9
1711;648;2627197.6,1239783.2,2627226,1239794
1829;456;2603644.1,1257517.3,2613670.9,1260017.1
501;688;2631552.3,1247151.7,2634611.6,1251353
1291;426;2609999.6,1224655.3,2611333.3,1225095.4
1169;983;2630120.1,1240904.5,2630173.5,1240949.4
1175;1036;2625661.3,1242993.9,2626345.5,1243597.1
792;866;2613060.8,1227047.7,2613141.1,1227135.5
1708;538;2597784.4,1213856.3,2603232.2,1215572.3
528;1028;2610623.9,1224367.6,2614949.1,1232788.7
596;632;2625473.8,1239015.1,2626302.8,1239894.2
1663;607;2627548.6,1239564,2627579.8,1239575.4
1270;629;2635936.7,1249119.8,2642389.9,1252315.9
519;568;2595938.6,1227531.1,2595965.5,1227560.5
1002;572;2597330.5,1226031.9,2604139.6,1229918.9
1043;853;2611818.9,1234046.1,2613059.4,1235060.6
1713;368;2635027.7,1242224.3,2642090,1243741.5
653;634;2612691.8,1225742.8,2623400.3,1236139.7
987;601;2602441.1,1223192.4,2610339.9,1228002.1
1284;748;2611046.9,1256693.6,2613064.7,1257869.1
1619;381;2606824.8,1225747,2606868.5,1225757.3
626;559;2640515.3,1252918,2640899.5,1253261.1
716;433;2625695.8,1234949.3,2629173.6,1237052.5
1284;855;2630772,1240417,2630822,1240450.3
1631;508;2630703.2,1244104,2630794.9,1244132.6
891;908;2614814.5,1240214.8,2614903.7,1240305.7
604;601;2618256.9,1233205.3,2623606.2,1238528
1246;553;2601577.3,1232002,2603502.3,1232856.4
1776;754;2607031.8,1226198.9,2607319,1226320.8
1430;325;2620456.9,1236360.8,2632557.7,1239111
580;663;2605936.8,1254750.6,2608149.8,1257280.3
707;500;2605837.4,1221057.5,2606851,1221774.4
1618;626;2611328.3,1229265.1,2616089.1,1231107
1050;987;2626441.8,1241953.5,2630487.3,1245756.3
1767;876;2599877.1,1225138.4,2609475.3,1229896.8
795;579;2615611.2,1252970.3,2615634,1252986.9
1466;599;2600034.7,1248140.7,2603102.2,1249394
857;962;2609754.2,1246396.6,2612648,1249645
747;895;2612487.8,1249474,2612737.8,1249773.5
1543;415;2606421,1232255.5,2606653.3,1232318
1295;644;2641455.7,1242935.2,2641726.3,1243069.8
1000;428;2596563.8,1232979.2,2612989.5,1240009.4
1843;897;2608171.1,1247536.5,2608262.3,1247580.8
726;883;2620892.3,1242678.6,2621049.3,1242869.7
965;647;2636271.2,1250193.6,2636509.4,1250353.3
1665;1006;2640016.1,1249890.9,2640212.3,1250009.4
823;917;2606522.6,1221435.3,2611547.9,1227034.5
805;995;2610299.1,1247102.4,2610317,1247124.5
1826;734;2606371.5,1247834.5,2611620.1,1249944.3
1085;984;2630340.5,1241769.8,2630398.1,1241822.1
1472;1023;2599561.5,1212163.9,2603398.8,1214830.7
1822;784;2603418.9,1256488.9,2604368.7,1256897.6
1569;1002;2593059.4,1220590.4,2614009.2,1233969.4
1449;970;2622265.4,1237933.8,2633269.8,1245300.4
1396;359;2609547.6,1246288,2612923.3,1247156.1
682;961;2600746.1,1245867.7,2605050.2,1251932.4
591;374;2598925.6,1253667.1,2599336.2,1253927
1151;930;2615354.1,1243723.2,2615365.8,1243732.6
884;916;2602295.2,1218525.4,2604173.2,1220471.4
1718;733;2604234,1260473.8,2605488.8,1261009.2
729;460;2602951.1,1225583.8,2603783.2,1226108.8
1800;605;2640552.7,1250451.6,2641015,1250607
680;397;2626607.6,1241132,2629094.8,1242584.2
509;549;2617120.4,1220103.3,2621948.8,1225311.2
864;578;2612445,1225509.3,2612493,1225541.4
1248;849;2596443.7,1217896.3,2596734.8,1218094.3
866;916;2600097.7,1248080.5,2600299.6,1248294
1320;808;2622242.5,1238466.2,2622277.5,1238487.6
1120;584;2617601.7,1259356.8,2618325.8,1259734.4
1280;767;2595707.2,1247127.6,2603867.7,1252017.5
1140;768;2615960.8,1254044.5,2617705.3,1255219.8
1607;879;2610221,1221168.8,2616193,1224435.4
858;379;2609805.1,1237758.7,2610112,1237894.2
1726;412;2596500.3,1215454.8,2597750.1,1215753.1
885;598;2597268.9,1256284.8,2612071.8,1266287.2
1830;470;2635872.7,1242861.5,2641593.6,1244330.8
695;837;2616663,1239917.8,2617047.7,1240381
1811;531;2608333.6,1235908.4,2612871.4,1237238.9
548;669;2641008.4,1254648.4,2648257.3,1263497.9
1012;639;2638286.1,1254553.6,2646045.3,1259453
1123;1001;2642231.9,1242755.8,2644690,1244946.8
865;339;2603873.7,1242991.5,2611062.5,1245808.8
1359;1036;2639069.5,1246643.6,2649321.1,1254458.7
1540;901;2632005.8,1241222.9,2635987.5,1243552.4
512;657;2611673.8,1254433,2614671.8,1258280.2
1807;471;2601638,1237759.5,2605388.7,1238737.1
1174;300;2615609.2,1258798.4,2616492.4,1259024.1
1186;399;2592857.1,1215355.2,2609357.7,1220906.4
1135;757;2598309.6,1250772.7,2599731.3,1251721
1530;447;2614891.4,1224621.8,2614989.4,1224650.4
845;369;2613323.3,1250885.9,2613340.1,1250893.3
1309;645;2610627.6,1223080.7,2611274.2,1223399.4
1011;622;2598592,1233741.1,2598713.8,1233816
1669;431;2599798.4,1254096.1,2599901.6,1254122.7
1084;953;2624021.7,1242863.7,2629990.8,1248111.4
1091;347;2620876.4,1245259.8,2621110.7,1245334.3
1842;727;2601843,1212419.1,2612270.1,1216534.5
1698;389;2594162.7,1229173.9,2594180.6,1229178
1524;603;2619248.4,1237535.6,2621160,1238291.9
1439;777;2607423.2,1247949.1,2610028.3,1249355.7
956;661;2617190.7,1237504.8,2617361.6,1237623
1377;930;2601217.6,1222473.1,2601435.2,1222620
820;300;2612801.1,1257905,2612856.4,1257925.3
861;338;2608563.9,1249222.2,2618586.9,1253156.9
1795;660;2605463.3,1229624.6,2636881.8,1241176.8
778;562;2603994.7,1226914.6,2604162.2,1227035.5
1768;1056;2613913,1231955.1,2625097.5,1238635.5
1824;839;2617184.2,1240554.5,2617466.6,1240684.4
963;1024;2608948.2,1252861.9,2613072.1,1257247.1
1312;316;2622409.1,1230671.4,2638158.8,1234464.8
1520;850;2599260.1,1234229.7,2604550,1237187.9
514;436;2640260.3,1242723.2,2640299.1,1242756.1
1578;777;2605846.6,1226973.5,2619813.1,1233850.5
926;609;2608463,1231148.8,2608862.9,1231411.8
780;602;2612907.7,1226688.9,2620246.4,1232353
1002;606;2628553.9,1245401.8,2629595.6,1246031.8
1405;895;2610765.4,1250122.8,2610817.9,1250156.2
1201;397;2608154,1223720.2,2608883.4,1223961.3
1538;1069;2612406.7,1236411.2,2613097.6,1236891.4
1114;1007;2606958.5,1251812.8,2611961.7,1256335.5
638;938;2612663.2,1243546.4,2617233.1,1250265
1349;588;2620379.8,1245531.8,2620399.8,1245540.5
909;406;2597676.6,1221611.4,2609723.8,1226992.2
1206;966;2617200.3,1256518.6,2617548,1256797
1444;443;2602999.5,1246867.1,2611709.8,1249539.3
1725;555;2618837.5,1237837.7,2618871.8,1237848.7
1628;664;2615944.4,1225981.6,2619551.4,1227452.8
1195;720;2617690.8,1245936.7,2622149.3,1248623
1070;956;2592393.1,1226047.8,2601842.6,1234490.6
1037;490;2599675.6,1236105.2,2604421.3,1238347.6
1284;982;2627227,1243660.9,2627263.6,1243688.9
708;483;2595136.4,1238493.3,2608572.5,1247659.5
1885;408;2610731.8,1234436.3,2610861.4,1234464.3
1348;974;2610463.6,1245085.2,2612980.8,1246904
1464;1046;2596208.4,1227647.2,2596997.3,1228210.9
1162;766;2596347.5,1231912.6,2617668.2,1245967.4
799;305;2601575.1,1249407.8,2601649,1249436
1702;654;2608685.2,1225563.6,2609651.7,1225935
797;902;2627950.4,1250672.2,2642878.6,1267567.1
1627;379;2601366.1,1217746.6,2604054.6,1218372.8
736;404;2608441.9,1243780.7,2610091,1244685.9
714;498;2621028.4,1232049.5,2623999.5,1234121.8
1592;496;2607021.6,1233324.2,2607055.6,1233334.8
673;660;2627166.7,1246211,2629797.9,1248791.4
1072;737;2602016.4,1240464.7,2614663.7,1249159.7
1520;1051;2627234.1,1242587,2627333.8,1242655.9
1907;758;2619027.7,1242396.3,2624584.9,1244605.2
1719;613;2603130.5,1224459,2604798.7,1225053.9
1240;395;2623680.5,1241098.5,2623788.7,1241132.9
699;1031;2590993.9,1227812.8,2598389.2,1238720.7
511;1028;2597850.8,1224853.8,2598096.5,1225348.2
1699;818;2606770,1231497,2636571.5,1245845.2
1359;800;2594870.6,1250189.2,2599604,1252975.6
703;510;2607630.4,1224211.5,2611755.4,1227204.1
1865;1014;2622018.5,1242394.4,2622117.9,1242448.5
1657;428;2610532.5,1235763.4,2610716.6,1235811
1607;728;2611545.7,1224134.3,2611567.6,1224144.2
827;502;2598902.7,1254987.9,2599996.7,1255652.1
946;830;2630167.5,1241819.5,2639120.6,1249674.8
577;1022;2594898,1215330.4,2596229,1217687.9
1425;928;2597941.4,1214521.3,2623753.2,1231330.7
899;1000;2616870.9,1257580.7,2621742,1262998.9
548;643;2600405.8,1234027.3,2600425.9,1234051
1524;535;2613472.4,1220859.5,2630339.6,1226780.7
973;1011;2634901.4,1249424.6,2635214.2,1249749.6
1133;1074;2636267.4,1250206.5,2639581.4,1253347.9
1681;684;2610514.8,1226990.8,2610747.5,1227085.5
1513;1034;2621582.4,1235610.4,2622696.5,1236371.7
1162;479;2591911.7,1245784.4,2601441.3,1249712.7
1824;514;2617895.2,1250494,2634479.6,1255167.4
1055;373;2622666.7,1236094.1,2630542.4,1238878.6
1625;986;2602069.7,1233980.1,2606998.6,1236970.8
764;653;2600908.9,1233167.2,2601180.8,1233399.6
768;654;2606621.3,1229134.1,2606704,1229204.5
1914;759;2596197.8,1212125.1,2624678.5,1223419.2
605;940;2612907.9,1252159,2612946.7,1252219.4
1430;873;2615950,1255709.1,2615979.6,1255727.2
789;761;2606663.7,1228608,2606691.4,1228634.7
1753;464;2603695.1,1221906.2,2603746.4,1221919.8
549;606;2610164.8,1235845.4,2614563.1,1240700.3
596;803;2630816.2,1242843.4,2630876.2,1242924.2
1303;782;2603420.4,1246748.2,2616930.2,1254856.2
1744;456;2619473.2,1241073.2,2619868,1241176.5
645;502;2602550.3,1222312.4,2602576.6,1222332.9
1453;489;2594984.3,1251950.6,2596075.4,1252317.9
1570;1023;2618493.3,1252792.5,2641091.9,1267517.6
1039;837;2631216,1244407.1,2631265.3,1244446.9
676;619;2598241,1229947.1,2598401.1,1230093.8
841;536;2599075,1250537.5,2601761.1,1252249.5
1596;673;2617648.9,1259152.7,2627671.7,1263379.1
790;402;2617494.8,1241990.7,2617600.5,1242044.4
1443;347;2606651.7,1224415.8,2606812.1,1224454.4
1813;461;2611255.8,1228970.4,2611316.1,1228985.7
1841;836;2603013,1230950.1,2617416.5,1237490.7
764;300;2605518.3,1260335.3,2606234.3,1260616.4
1530;473;2597194.8,1227374.8,2610368.2,1231447.3
760;789;2618160.1,1239517.6,2618170.5,1239528.3
1604;839;2599000.4,1230810.9,2599028.8,1230825.8
1371;753;2606173.8,1222862.8,2606197.3,1222875.7
566;442;2601732,1218789.4,2604341,1220826.9
796;782;2617172.5,1222870.8,2622002.9,1227616.2
1621;781;2602632.7,1229801.2,2602697,1229832.3
1232;340;2609443.8,1237699.7,2615093.7,1239258.9
1341;611;2608308.6,1221432.8,2612326.9,1223263.6
1526;475;2630617.2,1239644.9,2632153.1,1240123
1687;381;2604984.1,1256687.9,2631125.3,1262591.7
706;314;2616939.6,1242926.7,2618373.1,1243564.3
1473;330;2604282.5,1259332.9,2604389.7,1259356.9
1196;747;2605107.4,1243510.8,2607451.1,1244974.7
1897;821;2631806.7,1241530.7,2634440.3,1242670.5
1737;309;2606238.7,1227595.3,2607063.8,1227742.1
1166;1054;2604647.4,1228494.3,2613685.4,1236664.1
1161;454;2596208.9,1247188.3,2610672.3,1252844.1
1290;884;2618406.6,1235450.4,2641704.5,1251415.8
772;563;2623431.1,1250411,2633795.4,1257969.4
1329;489;2616779.2,1242879,2617395.8,1243105.9
684;941;2617463.5,1241347.8,2617473,1241360.9
1560;620;2617532,1219905.9,2627241.4,1223764.7
1594;479;2616056.3,1258852.7,2616125.7,1258873.5
680;1072;2608791.2,1259844.9,2614177.7,1268336.5
1068;327;2600945.7,1232871.3,2600971.3,1232879.1
1723;1013;2615544,1228385.5,2615571,1228401.3
1027;705;2621901.9,1240325.8,2624371.8,1242021.3
1698;689;2604299.6,1227324.3,2605441.6,1227787.6
1558;662;2638522.9,1251799.6,2639083,1252037.6
593;382;2621849.1,1244852,2621934.1,1244906.8
1378;474;2616161.8,1226761.4,2616418,1226849.6
1290;559;2598390.7,1229131.4,2620271.6,1238613.1
1644;708;2609744.3,1237321.5,2609760.8,1237328.6
1564;483;2619252.1,1246031.5,2619336.6,1246057.6
1089;395;2629635.4,1237883.8,2629732.7,1237919.1
1083;377;2602334.4,1222220.8,2602419.5,1222250.4
1586;886;2597504.2,1217271,2599130,1218179.2
879;870;2618062.3,1254774.7,2618880.1,1255584.2
1875;951;2607026.9,1248689.8,2618636.6,1254578.2
1333;940;2624515,1234647.9,2625427.5,1235291.4
1349;886;2590271.2,1248862.9,2612245.9,1263295.5
1051;866;2637331.7,1241754.6,2645651.1,1248609.6
944;398;2626560.7,1232509.4,2643806.9,1239780.6
1881;924;2615068.8,1251866.3,2623053.8,1255788.7
794;818;2598905.8,1256544.5,2607810.9,1265718.7
1018;916;2608573.1,1246449.6,2608713.4,1246575.8
1659;786;2603264.9,1228849.5,2621885,1237671.3
1576;712;2619490.5,1250054.5,2639365.3,1259033.5
1367;784;2600231.9,1219003.3,2600426.3,1219114.8
1128;890;2624651.7,1241410,2626684,1243013.5
768;806;2619970.7,1239714.9,2619978.9,1239723.6
1528;842;2611757.4,1245953.9,2612288.5,1246246.5
1551;454;2634789.3,1250249.4,2635436.4,1250438.8
1778;901;2619407.1,1237074.9,2619884.3,1237316.7
1560;731;2615297.9,1242084.9,2615617.4,1242234.6
1109;719;2600606.2,1233497,2601242,1233909.2
1420;826;2606051.5,1245485,2606779.3,1245908.4
1113;724;2639656.8,1251706.9,2640226,1252077.1
1114;410;2638175.2,1240955.9,2644775.1,1243384.9
906;824;2641560.8,1249558.3,2641612.5,1249605.4
1623;923;2631367.2,1238383.7,2631427.1,1238417.8
1761;1027;2592278.9,1234961.3,2604123.6,1241869
1587;811;2609320,1257062.6,2616889.4,1260930.7
925;517;2621691.3,1238009.2,2621800.6,1238070.3
957;829;2627494.1,1239412.9,2627564.4,1239473.9
1431;530;2601443.4,1229340.7,2601521.7,1229369.6
1869;423;2607209.1,1247058.3,2627260.5,1251596.4
1778;643;2608582.9,1249463.2,2616735.7,1252411.6
1893;882;2611576.8,1256264.5,2614037.7,1257411
1410;395;2633310.6,1245471.9,2633379.5,1245491.2
881;923;2624437.5,1250885.2,2641338.2,1268591.6
1671;691;2611862.3,1227180.3,2612225.3,1227330.4
688;811;2617393.4,1236224.1,2627077.9,1247639.9
1579;435;2615552,1245123.1,2615575.2,1245129.5
1142;778;2593803.6,1236233.3,2612256.4,1248804.5
1638;464;2596746.5,1257896.8,2605867,1260480.3
569;714;2639766.3,1247619,2639819.7,1247686
1247;652;2637368.1,1242378,2646158.5,1246974.1
1520;1039;2599346.2,1244532.7,2622324.5,1260239.7
1405;403;2599668.9,1253969.9,2613308.8,1257882.3
1365;342;2599512.1,1247929.7,2600897.9,1248276.9
1046;300;2599502.5,1255746,2606614.1,1257785.7
1383;886;2614446.6,1253245,2614463.4,1253255.7
791;585;2615945.6,1241314.1,2616622.9,1241815
1369;1041;2618097.1,1257492.7,2621710,1260240
1466;674;2636418.3,1251570.3,2643745.6,1254939.1
1181;353;2602035.7,1227356.6,2602058.6,1227363.5
1707;484;2600148.2,1229493.3,2600176.8,1229501.4
1629;1023;2622039.3,1239789.5,2622158.2,1239864.2
518;421;2597434.9,1211629.9,2607590.2,1219883.6
727;468;2642562.9,1242007.8,2644181.2,1243049.6
614;557;2612325.3,1236470.9,2612547.6,1236672.5
1214;614;2613823.2,1243599.4,2634193.4,1253901.9
1265;593;2597296.5,1255532.7,2609692.9,1261343.8
1203;666;2615360.9,1259902.5,2616907.2,1260758.6
1412;407;2604229.5,1220372.1,2613067.6,1222919.6
803;494;2609924.1,1230375.5,2610141.1,1230508.9
1423;629;2614453.9,1222721.5,2615273,1223083.6
573;693;2639430.2,1254420,2639477.5,1254477.2
1788;646;2616387.1,1225775.6,2622801.7,1228093.2
1704;962;2615926.2,1237565.5,2617283.8,1238331.9
794;558;2642641.6,1247285.5,2643825.9,1248117.7
933;315;2613142.6,1256246.4,2614239.6,1256616.8
1802;931;2611802,1226276.7,2611831.6,1226292.1
681;795;2642385.6,1241850.8,2643256.2,1242867.1
1334;529;2626883.3,1245106.5,2627710.1,1245434.4
1351;792;2612046.9,1226565,2632197.9,1238378.2
594;581;2617019.5,1254596.7,2617055.7,1254632.1
1414;395;2636368.7,1245702.1,2636391.6,1245708.5
769;543;2624383.2,1248091.6,2633071.6,1254226.6
1094;529;2618861.1,1256237.3,2619008.3,1256308.5
1686;994;2607979.8,1229124.4,2607999.6,1229136.1
641;360;2599807.4,1229546.9,2600219.7,1229778.5
1730;575;2601994.5,1229428.8,2617015.1,1234421.2
1450;358;2594446.7,1227348.4,2604488.2,1229827.7
1406;690;2608988.1,1244308.5,2609034.3,1244331.1
1662;331;2599826.9,1214496.5,2600140.1,1214558.8
659;700;2622134.9,1237866.6,2622444.6,1238195.6
1314;579;2617426.2,1234908.6,2630619.3,1240722
1798;590;2598203.3,1218810,2599066.6,1219093.3
1397;389;2624252.6,1243153.1,2624308.1,1243168.5
1758;399;2615871.1,1251865.4,2618078.9,1252366.4
1464;706;2600039.8,1251336.1,2622932.9,1262376
637;962;2609701,1237695.8,2609914.7,1238018.6
993;941;2628902.9,1241539.3,2628994.9,1241626.5
1343;373;2602586.1,1236348.2,2608671.1,1238038.2
1655;648;2637761.6,1255327,2645741.9,1258451.7
534;940;2605739.8,1240918,2613761.4,1255038.4
576;557;2614636.6,1237501.3,2615458.6,1238296.2
524;889;2598512.5,1244075.1,2603577.2,1252667.7
1545;504;2617400.6,1227105.8,2617421.6,1227112.7
1004;559;2610327.1,1249719.1,2612050.5,1250678.6
1677;320;2623190.1,1242660,2623449.3,1242709.4
1696;627;2603446.8,1226267.7,2634463.1,1237734.2
549;736;2638720.2,1253957.6,2641527.3,1257720.8
1453;441;2623120.8,1232122.4,2639799.3,1237184.5
922;637;2600414.8,1213843,2600429.4,1213853.1
824;431;2601518.4,1214774.2,2610042.1,1219232.6
1902;409;2633505.1,1256334.4,2643200,1258419.1
721;614;2597227.6,1259150.2,2602723.5,1263830.4
567;365;2635394.7,1247250.8,2636598.2,1248025.5
1263;722;2607825.4,1229980.9,2607870.9,1230007
675;898;2604643.3,1246902.4,2604659.1,1246923.5
1105;605;2608314.3,1231976.7,2615465.8,1235892.2
1556;583;2623224.4,1240137.4,2623268,1240153.7
1918;897;2618176.7,1243008,2618258.2,1243046.2
1170;963;2613262.3,1238232.3,2613529.6,1238452.3
911;1033;2614244.8,1227430,2617516.9,1231140.3
1402;453;2599371,1224972.8,2599393.7,1224980.1
1522;874;2598031.8,1219187.1,2621807.5,1232840.2
1580;555;2602641,1235584.6,2603101.8,1235746.5
1055;850;2609272.5,1230618.9,2609306.2,1230646
1674;922;2593642.8,1223919.6,2602938.4,1229039.4
1147;420;2606810.8,1237218,2609989.7,1238382
1695;453;2619222.1,1243449.3,2632784.4,1247073.9
1481;345;2627819.4,1241615.2,2643499.2,1245267.8
1221;602;2628940.3,1235556.5,2639951.7,1240985.6
1910;617;2632977.8,1241563.7,2633757.6,1241815.6
1764;724;2619197.2,1230479.8,2640408,1239185.4
1223;1010;2618391.5,1219596.7,2625604.2,1225553.3
1625;999;2610062.6,1223746,2610146.6,1223797.7
537;810;2614326.4,1231116.9,2620836.9,1240937.2
998;543;2613498.1,1238087.3,2613556.8,1238119.2
1062;680;2609823,1250038.5,2611098.5,1250855.2
1814;950;2619331.7,1224713.3,2641495.2,1236320.4
1100;603;2630131.4,1240103.9,2643568.1,1247469.7
1185;571;2601397.3,1218636.3,2601449.2,1218661.3
890;767;2611660.7,1244013.1,2611958.2,1244269.5
513;947;2605681.8,1234884.1,2605690.6,1234900.5
506;804;2606542.3,1257389.1,2608800.2,1260976.6
554;608;2615797.5,1257812.6,2616003.7,1258038.9
1174;586;2626196.1,1235779.3,2644703.3,1245017.1
1362;458;2616061.4,1242220,2616078.7,1242225.8
1008;795;2616584.4,1254723.9,2616912.5,1254982.7
902;611;2633587.7,1246660.7,2633605,1246672.5
1273;539;2607660.8,1228350.9,2607696.6,1228366.1
849;987;2600794.2,1232963.5,2601032.1,1233240
857;1043;2591371.9,1212444.6,2601545.3,1224826
1312;1043;2607913.2,1237297.2,2617147.1,1244637.8
690;628;2632887.3,1245939.5,2636013.6,1248784.9
695;710;2606995.1,1233203.1,2607334.3,1233549.6
811;934;2618119.4,1257197.8,2618318.3,1257426.8
935;766;2600162.2,1248389.9,2600174.9,1248400.3
1573;714;2590615.2,1230989.1,2598942.2,1234768.8
1586;762;2604201.8,1236110.2,2625907.9,1246539
1505;360;2624216.8,1236434.1,2624413.1,1236481.1
1160;681;2611906.7,1247839.9,2612384.5,1248120.4
1890;1074;2609424.2,1251181.8,2618622,1256408.5
1561;844;2597553.3,1227012.5,2598476.2,1227511.5
537;637;2604165.2,1226835.2,2604309.7,1227006.5
1113;342;2630379.1,1244895.5,2631596.1,1245269.5
825;808;2628904.5,1245355.3,2628942.2,1245392.2
606;741;2632429.5,1242351.2,2632535,1242480.2
1237;797;2612648.4,1237469.3,2612666,1237480.6
513;464;2627291.9,1241679.8,2627312.4,1241698.4
1394;1058;2624800.5,1241589,2645092.4,1256989.8
1802;1064;2597821.5,1227531.5,2600420.8,1229066.3
1434;609;2617760.3,1220080,2637534.5,1228477.8
1666;835;2622954.8,1237735.1,2633966.7,1243254.3
508;321;2643473.2,1243942.6,2646229.3,1245684.2
888;929;2638478.7,1244587.1,2638597.7,1244711.6
894;836;2638928.2,1248729.8,2639462.9,1249229.8
554;1011;2615035.6,1229209,2615413.6,1229898.9
1122;740;2597036.9,1258685.2,2599934.7,1260596.4
1216;458;2615557.2,1251615.3,2627791.6,1256223.4
1762;607;2595293.3,1250240.1,2608468.2,1254778.8
1586;776;2632014,1243943.7,2636882,1246325.6
1199;861;2613998.9,1222674.8,2614011.1,1222683.6
1794;310;2591039.7,1222246.6,2625848.3,1228261.5
992;658;2604720.3,1234195.4,2612847.1,1239585.9
1864;892;2604797.5,1248231.2,2620673.8,1255828.7
893;621;2596233.9,1230141.2,2607737.3,1238140.8
963;1069;2628355.2,1235177.2,2634275.4,1241749.1
519;669;2612146.3,1249406.9,2612465.1,1249817.8
1521;604;2600335.4,1213720.1,2600444.6,1213763.5
662;364;2595732.9,1213083.6,2601434.4,1216218.5
1857;777;2615217.2,1237104.9,2615468,1237209.9
1377;959;2591636.9,1242935.1,2603870.5,1251455.1
1657;1037;2592522.4,1225849.6,2594688.5,1227205.2
1237;759;2619669,1235701.9,2622107.5,1237198.2
922;974;2620194.5,1245914.6,2620227.1,1245949.1
1217;1048;2603177.4,1227995.3,2605819.8,1230270.8
843;1077;2596394.3,1228670.7,2597273.3,1229793.8
1372;520;2626264.2,1245321.9,2628174.7,1246046
1180;633;2622193.8,1240436.7,2622221.7,1240451.6
1442;979;2614452.1,1251896.1,2617722.6,1254116.5
1006;877;2594245.5,1228084.8,2596818.3,1230327.6
1289;752;2616996.5,1248295.5,2622857.8,1251714.9
525;617;2612609.3,1248505.9,2612783.9,1248711.1
831;358;2611277.4,1228535.5,2612027.1,1228858.5
1464;1050;2641604.4,1251097.8,2641759.7,1251209.1
1561;1023;2606134.4,1236262.6,2612218.5,1240249.8
568;918;2600854.5,1252964.5,2609750.1,1267341.5
577;575;2599977.4,1245624.8,2602825.9,1248463.5
1197;841;2621798,1245592.3,2623672.5,1246909.2
1585;426;2611749.8,1250035.9,2620413,1252364.3
1193;964;2601367.2,1240169.3,2621272.2,1256253.5
663;509;2637172.6,1239960.2,2642678.8,1244187.5
969;1029;2616444.5,1259154.2,2616532.6,1259247.7
1579;661;2619768.5,1238971.2,2629244.3,1242938
565;631;2601941.9,1221527.5,2602403.1,1222042.6
1172;520;2638984.5,1243968.4,2640608.8,1244689.2
984;1045;2602984.5,1229568.7,2603043.5,1229631.3
1820;313;2626898.2,1243298.3,2626942.8,1243305.9
852;777;2619318.5,1240709.2,2619416.4,1240798.5
1782;1047;2628202.1,1236519.6,2628655.1,1236785.7
1033;529;2633084,1240996.5,2633104.8,1241007.1
1822;721;2607498.5,1223598.3,2610669.4,1224853.1
924;365;2617265.5,1219773.2,2625654.4,1223086.9
1748;693;2616125.2,1237829.1,2616934.6,1238150
591;318;2608675.8,1248909.7,2610560.1,1249923.6
974;919;2610736.5,1245695.8,2613284.5,1248099.9
999;523;2627281.5,1244037.3,2627299.7,1244046.8
1661;712;2620162.8,1239554.1,2620216,1239576.9
1668;894;2596085.6,1258913.1,2598944,1260445.2
1379;969;2630873.5,1245807.4,2631224.5,1246054
972;616;2631591.4,1235335.5,2643288.2,1242748.3
1219;330;2642643.2,1247217.7,2642719.6,1247238.4
1828;940;2627121.2,1237670.1,2627225.9,1237723.9
1749;546;2606708.7,1249782.1,2606747.8,1249794.3
589;996;2597334.1,1254069,2597503,1254354.5
836;475;2601078.6,1232411.5,2602733.1,1233351.6
1030;621;2614484.8,1224164,2616576.7,1225425.3
901;411;2614767,1243055.9,2614809.1,1243075.1
956;578;2622226.3,1239967.5,2622339.7,1240036.1
1208;513;2610008.9,1250679.4,2610030.2,1250688.4
598;1048;2611510.2,1232539.5,2618356.7,1244538.2
1796;472;2620767.5,1237244.6,2635854.7,1241209.6
847;606;2611171.7,1254971.5,2615139.9,1257810.6
1226;422;2599237.4,1229126.4,2602559,1230269.7
1462;884;2612314.9,1230569.1,2612800.6,1230862.8
1410;922;2599060.9,1228297.6,2606563.3,1233203.5
636;477;2606031.5,1258680,2608274.9,1260362.6
1391;969;2599929.1,1250530.3,2617692.8,1262904.9
1483;836;2602687.8,1225399.7,2606172.3,1227364
1821;462;2596442.4,1216513.5,2602710.9,1218103.9
1426;471;2639659.8,1254616.3,2642042.8,1255403.4
1865;300;2627664,1235022.7,2627762.7,1235038.6
939;928;2611815.7,1230644.9,2611978.5,1230805.8
1123;713;2608777.9,1238563.7,2609131.9,1238788.4
753;526;2630746.2,1246235.6,2636433.3,1250208.3
752;932;2621766,1245741.5,2621804.8,1245789.6
1391;938;2615152.2,1226970,2615643.5,1227301.3
1292;535;2595647.2,1229688.3,2595662.6,1229694.6
1561;350;2600186.4,1249919.5,2608069.9,1251687.1
1527;497;2609306,1234625.5,2612963.7,1235816
1270;1069;2616103.1,1238153,2616128.6,1238174.5
584;425;2605340.2,1256332.2,2612810.9,1261768.9
1845;567;2602246.9,1222370.8,2637713.9,1233270.4
1002;481;2612869.2,1230893.9,2616059.9,1232425.6
1011;461;2636564.3,1250910.3,2637842.8,1251493.2
797;962;2609320.3,1232407.1,2609590.2,1232732.9
1133;983;2616806.8,1242317.3,2616904.6,1242402.1
1714;440;2614244.5,1229162.4,2618486.4,1230251.4
1838;514;2596224,1228329.3,2597785.2,1228765.8
1581;649;2623681.9,1234277.4,2640087,1241011.7
1496;533;2599913.3,1259082.5,2600273.7,1259210.9
1081;1032;2607147.8,1236954.1,2610014.6,1239691
1615;513;2607747.9,1227330.8,2607830.3,1227357
942;658;2606030.3,1220810.1,2608633.3,1222628.4
1211;873;2610220.7,1212247.3,2630287.4,1226713.3
1554;1006;2606484.6,1224443.5,2606936.7,1224736.1
1795;914;2600864,1233939.7,2601205.8,1234113.8
1133;326;2617277.2,1259545.8,2617292.1,1259550.1
625;434;2596652.3,1218769.7,2596715.8,1218813.8
734;930;2625646.8,1240096.6,2625751,1240228.6
1323;797;2605014.8,1257843.6,2605045.1,1257861.9
1082;816;2628415.1,1229772.3,2636485.3,1235858.6
796;487;2614005.3,1253998.5,2614169.7,1254099.1
1464;760;2614911.6,1227899.7,2614927.9,1227908.2
1320;471;2607751.2,1249225.7,2607769.8,1249232.3
1766;335;2598040,1230017.7,2615850.7,1233396.3
969;957;2644655.3,1247970.5,2647461.8,1250742.3
1523;527;2600558.3,1220126.9,2600840.8,1220224.6
1852;736;2610097.9,1249745,2610145.1,1249763.8
1903;352;2616352.3,1226893.4,2624644.9,1228427.3
1856;383;2608071.7,1246063,2608180.7,1246085.5
1400;565;2616488.6,1258283.9,2616506.5,1258291.1
529;346;2611370.5,1227712.4,2614169.8,1229543.3
1238;916;2607260.8,1259916.5,2607305,1259949.2
968;902;2617136.7,1242893.1,2617309.4,1243054.1
793;934;2617419.8,1258449.8,2617436.4,1258469.4
986;1062;2608142.8,1224325.7,2615482.9,1232231.6
788;500;2600281.4,1255039.4,2601257.3,1255658.7
1074;842;2622803.2,1247904.6,2638535.8,1260238.7
759;724;2619259,1243617.5,2619319.3,1243674.9
1052;975;2619616.6,1219010.8,2628795.1,1227517.5
902;961;2590740.1,1229295,2595968.2,1234865.1
1375;886;2612699.4,1229185.1,2631080.8,1241029.4
520;696;2607370.4,1248603.7,2607600.2,1248911.3
999;747;2603364.6,1237758.5,2606486.9,1240093.1
1398;590;2601402.3,1234268.6,2602137.1,1234578.7
1696;579;2605221.7,1225785.4,2605440.8,1225860.2
970;471;2635190,1245855.2,2635241.7,1245880.3
1720;812;2629357.3,1252929.1,2639765.6,1257842.8
1709;475;2640474.6,1248915.2,2642135.4,1249376.9
1122;748;2624874.6,1241755.4,2644174.7,1254622.1
1854;793;2599451,1247210,2600079,1247478.6
1242;678;2603964.1,1231351.9,2609329.2,1234280.7
1349;362;2608735.2,1247780.6,2608752,1247785.1
763;771;2614938.5,1238182.7,2626923.8,1250293.7
720;349;2606136.5,1259165.6,2606221.1,1259206.6
1655;992;2610635.8,1246402.4,2611120.7,1246693
1325;370;2613773.1,1258503.7,2614522.7,1258713
531;903;2605529.1,1220996,2612640.9,1233090.1
1694;713;2603972.5,1223846,2604235.7,1223956.7
1037;944;2605336.4,1228867.5,2620430.8,1242608.2
1419;433;2628317.7,1238080.3,2629007.7,1238290.8
1415;538;2591382.8,1235708.9,2616522.3,1245267.3
1391;717;2616033.3,1259577.9,2627091.7,1265278
791;425;2610459.9,1234615.9,2610640.6,1234713
666;914;2622583.5,1242056.7,2622601.7,1242081.7
1533;613;2625676.2,1241799.8,2625701.7,1241810
1576;412;2608310.4,1232299,2612980.4,1233519.8
507;888;2609419.1,1231669.3,2609505.8,1231821.1
1142;936;2597048.8,1248059.7,2601813.7,1251965.1
1176;566;2630580.5,1245562.6,2633737.1,1247081.8
1510;792;2636300.2,1246855.7,2639205.3,1248379.5
1425;782;2610490.8,1228719.3,2623099,1235638.4
1761;1002;2605374.3,1251868.3,2615886.9,1257849.9
846;437;2592907.1,1235696.8,2609243.9,1244135.6
1439;945;2615709.8,1224666.6,2623859.1,1230018.3
628;604;2603351.7,1229628.3,2604834.6,1231054.5
1582;388;2621468.2,1243883.8,2621543.5,1243902.3
880;481;2605583.5,1242196.2,2609361.8,1244261.3
1456;520;2591269.5,1227773.4,2609771.8,1234381.3
1081;920;2600381.3,1218867.9,2600408.6,1218891.1
1381;461;2602923.8,1235997.8,2602949.5,1236006.4
1885;772;2620569.6,1245897,2628465.4,1249130.7
1136;899;2601214.5,1229750.7,2601346.3,1229855
1250;821;2594438.4,1218564,2596661.3,1220024.1
783;301;2601231.9,1222646.9,2601628,1222799.1
1794;667;2603911.4,1238889.7,2623808,1246287.1
855;819;2617814.5,1247896.6,2623919.5,1253744.5
1854;324;2635863.8,1245123.1,2635922.5,1245133.4
1153;377;2599963.2,1229435.1,2599985.1,1229442.3
1465;613;2605891.4,1260703.2,2612951.8,1263657.5
1181;620;2613272.1,1224572.8,2613385.4,1224632.3
1513;387;2601114.7,1246523.5,2601817.1,1246703.1
1472;521;2638361.2,1243270,2642407.3,1244702.1
1636;561;2592239.7,1229858.2,2603450.6,1233702.5
1638;649;2604487.6,1228857.5,2604505.3,1228864.5
1888;433;2604478.6,1228114.3,2605639.6,1228380.5
1278;394;2616648.2,1252826.1,2616828.6,1252881.7
1632;958;2629131.6,1234777.8,2637560,1239725.3
1248;749;2593277.5,1217670.5,2598329.7,1220702.7
868;449;2638892.9,1253642.8,2639245.4,1253825.1
1438;564;2634411.8,1242802.1,2634438.1,1242812.4
1123;508;2591265.1,1231750.7,2606750.2,1238755.6
1203;543;2606256,1230575.5,2606429.6,1230653.8
1491;301;2613254.7,1252800.1,2613307.1,1252810.7
900;712;2608614.8,1233539.9,2608945.2,1233801.2
628;903;2590005.5,1212047.8,2594829,1218983.5
1237;802;2606560.4,1238866.8,2616765.8,1245483.4
568;747;2602604.7,1234051.9,2602621,1234073.4
1374;959;2637176.2,1250138.6,2637725.3,1250521.8
1162;799;2591788.3,1222023.4,2606491.4,1232133.4
1720;300;2597947.7,1254633,2598317.5,1254697.5
1478;826;2601755.3,1250493.8,2611239.2,1255794
660;448;2597962,1229616.2,2609902.7,1237721.4
1006;842;2594501.3,1251790.9,2599539.6,1256007.8
1702;658;2635940.8,1250270.8,2637350.8,1250815.9
1791;368;2623890.2,1243395.2,2623962.8,1243410.1
615;493;2612387.6,1249173.4,2616621.4,1252567.3
1628;663;2605013.8,1227403.3,2608085.8,1228654.4
1331;351;2602287,1261038.3,2616194.3,1264705.8
1183;514;2592729.4,1229396.1,2593129,1229569.7
947;643;2606530.9,1245945.6,2610850.8,1248878.7
588;956;2599936.1,1258759.9,2600056.5,1258955.6
1131;978;2604862.7,1259355.1,2604959.5,1259438.8
1615;554;2627617,1236816.5,2627639.2,1236824.1
865;635;2598368.1,1230144.2,2599108.4,1230687.6
633;1072;2608961.6,1244867.8,2614539.6,1254314.2
1113;859;2614143.5,1244563.1,2615123.1,1245319.1
557;1023;2638776.7,1247431.2,2638783.1,1247442.9
1034;1064;2610997.3,1241848,2611066.9,1241919.6
1643;1079;2613559.5,1252431.9,2613609.2,1252464.5
1298;780;2636974.7,1245469,2637011.5,1245491.2
1585;1059;2616897.2,1240028.7,2616965.2,1240074.1
1758;413;2612662.8,1236293,2621996.9,1238485.8
1447;673;2597526.7,1212235,2608289,1217240.5
1583;432;2604075.5,1222831.6,2605533.8,1223229.6
1363;396;2603129.8,1257966.4,2603402.2,1258045.6
1820;646;2591877.7,1226849.7,2595010.7,1227961.7
1824;695;2607767.4,1250391.2,2609778.1,1251157.3
525;1030;2593697.9,1214098.2,2599795.9,1226061.9
1864;907;2604958.4,1226976.8,2605193.3,1227091.1
